--------------------------------------------------------
--  Fichier créé - samedi-janvier-02-2021   
--------------------------------------------------------
DROP TABLE "CLIENT_MARRIAGE" cascade constraints;
DROP TABLE "CLIENT_PRODUIT" cascade constraints;
DROP TABLE "DECORATEUR" cascade constraints;
DROP TABLE "EMPLOYES" cascade constraints;
DROP TABLE "INVITE_MARRIAGE" cascade constraints;
DROP TABLE "MUSICIENS" cascade constraints;
DROP TABLE "PRODUIT" cascade constraints;
DROP TABLE "SALLE" cascade constraints;
DROP TABLE "TRAITEUR" cascade constraints;
--------------------------------------------------------
--  DDL for Table CLIENT_MARRIAGE
--------------------------------------------------------

  CREATE TABLE "CLIENT_MARRIAGE" 
   (	"NOM_M" VARCHAR2(50 CHAR), 
	"PRENOM_M" VARCHAR2(50 CHAR), 
	"PHONE_M" NUMBER, 
	"CIN_M" NUMBER, 
	"NOM_F" VARCHAR2(50 CHAR), 
	"PRENOM_F" VARCHAR2(50 CHAR), 
	"PHONE_F" NUMBER, 
	"CIN_F" NUMBER, 
	"BUDGET" NUMBER, 
	"EMAIL" VARCHAR2(50 CHAR), 
	"DATE_MARRIAGE" VARCHAR2(20 BYTE), 
	"ID_CLIENT" VARCHAR2(20 BYTE), 
	"CONFIRMATION" NUMBER, 
	"ID_DECORATEUR" VARCHAR2(20 BYTE), 
	"ID_PRODUIT" VARCHAR2(20 BYTE)
   ) SEGMENT CREATION IMMEDIATE 
  PCTFREE 10 PCTUSED 40 INITRANS 1 MAXTRANS 255 NOCOMPRESS LOGGING
  STORAGE(INITIAL 65536 NEXT 1048576 MINEXTENTS 1 MAXEXTENTS 2147483645
  PCTINCREASE 0 FREELISTS 1 FREELIST GROUPS 1 BUFFER_POOL DEFAULT FLASH_CACHE DEFAULT CELL_FLASH_CACHE DEFAULT)
  TABLESPACE "SYSTEM" ;
--------------------------------------------------------
--  DDL for Table CLIENT_PRODUIT
--------------------------------------------------------

  CREATE TABLE "CLIENT_PRODUIT" 
   (	"ID_CLIENT" VARCHAR2(20 BYTE), 
	"ID_PRODUIT" VARCHAR2(20 BYTE)
   ) SEGMENT CREATION IMMEDIATE 
  PCTFREE 10 PCTUSED 40 INITRANS 1 MAXTRANS 255 NOCOMPRESS LOGGING
  STORAGE(INITIAL 65536 NEXT 1048576 MINEXTENTS 1 MAXEXTENTS 2147483645
  PCTINCREASE 0 FREELISTS 1 FREELIST GROUPS 1 BUFFER_POOL DEFAULT FLASH_CACHE DEFAULT CELL_FLASH_CACHE DEFAULT)
  TABLESPACE "SYSTEM" ;
--------------------------------------------------------
--  DDL for Table DECORATEUR
--------------------------------------------------------

  CREATE TABLE "DECORATEUR" 
   (	"NOM" VARCHAR2(20 BYTE), 
	"TYPE_DECORATION" VARCHAR2(20 BYTE), 
	"PRIX" FLOAT(126), 
	"NUMERO" VARCHAR2(20 BYTE), 
	"NB_RESERVATIONS" VARCHAR2(20 BYTE), 
	"ID_SALLE" VARCHAR2(20 BYTE), 
	"ID" VARCHAR2(20 BYTE)
   ) SEGMENT CREATION IMMEDIATE 
  PCTFREE 10 PCTUSED 40 INITRANS 1 MAXTRANS 255 NOCOMPRESS LOGGING
  STORAGE(INITIAL 65536 NEXT 1048576 MINEXTENTS 1 MAXEXTENTS 2147483645
  PCTINCREASE 0 FREELISTS 1 FREELIST GROUPS 1 BUFFER_POOL DEFAULT FLASH_CACHE DEFAULT CELL_FLASH_CACHE DEFAULT)
  TABLESPACE "SYSTEM" ;
--------------------------------------------------------
--  DDL for Table EMPLOYES
--------------------------------------------------------

  CREATE TABLE "EMPLOYES" 
   (	"ID_EMP" NUMBER, 
	"NOM_EMP" VARCHAR2(20 BYTE), 
	"PRENOM_EMP" VARCHAR2(20 BYTE), 
	"SALAIRE_EMP" NUMBER, 
	"NUM_EMP" VARCHAR2(20 BYTE), 
	"TYPE_EMP" VARCHAR2(20 BYTE)
   ) SEGMENT CREATION IMMEDIATE 
  PCTFREE 10 PCTUSED 40 INITRANS 1 MAXTRANS 255 NOCOMPRESS LOGGING
  STORAGE(INITIAL 65536 NEXT 1048576 MINEXTENTS 1 MAXEXTENTS 2147483645
  PCTINCREASE 0 FREELISTS 1 FREELIST GROUPS 1 BUFFER_POOL DEFAULT FLASH_CACHE DEFAULT CELL_FLASH_CACHE DEFAULT)
  TABLESPACE "SYSTEM" ;
--------------------------------------------------------
--  DDL for Table INVITE_MARRIAGE
--------------------------------------------------------

  CREATE TABLE "INVITE_MARRIAGE" 
   (	"ID_INVITE" VARCHAR2(20 BYTE), 
	"NOM_INVITE" VARCHAR2(20 BYTE), 
	"PRENOM_INVITE" VARCHAR2(20 BYTE), 
	"PHONE_INVITE" VARCHAR2(20 BYTE), 
	"EMAIL_INVITE" VARCHAR2(50 BYTE), 
	"ID_MARRIAGE" VARCHAR2(20 BYTE)
   ) SEGMENT CREATION IMMEDIATE 
  PCTFREE 10 PCTUSED 40 INITRANS 1 MAXTRANS 255 NOCOMPRESS LOGGING
  STORAGE(INITIAL 65536 NEXT 1048576 MINEXTENTS 1 MAXEXTENTS 2147483645
  PCTINCREASE 0 FREELISTS 1 FREELIST GROUPS 1 BUFFER_POOL DEFAULT FLASH_CACHE DEFAULT CELL_FLASH_CACHE DEFAULT)
  TABLESPACE "SYSTEM" ;
--------------------------------------------------------
--  DDL for Table MUSICIENS
--------------------------------------------------------

  CREATE TABLE "MUSICIENS" 
   (	"ID_MUS" NUMBER, 
	"NOM_MUS" VARCHAR2(20 BYTE), 
	"PRENOM_MUS" VARCHAR2(20 BYTE), 
	"GENRE_MUS" VARCHAR2(20 BYTE), 
	"EMAIL_MUS" VARCHAR2(40 BYTE), 
	"PRIX_MUS" NUMBER
   ) SEGMENT CREATION IMMEDIATE 
  PCTFREE 10 PCTUSED 40 INITRANS 1 MAXTRANS 255 NOCOMPRESS LOGGING
  STORAGE(INITIAL 65536 NEXT 1048576 MINEXTENTS 1 MAXEXTENTS 2147483645
  PCTINCREASE 0 FREELISTS 1 FREELIST GROUPS 1 BUFFER_POOL DEFAULT FLASH_CACHE DEFAULT CELL_FLASH_CACHE DEFAULT)
  TABLESPACE "SYSTEM" ;
--------------------------------------------------------
--  DDL for Table PRODUIT
--------------------------------------------------------

  CREATE TABLE "PRODUIT" 
   (	"ID_PRODUIT" VARCHAR2(20 BYTE), 
	"NOM_PRODUIT" VARCHAR2(20 BYTE), 
	"TYPE_PRODUIT" VARCHAR2(20 BYTE), 
	"PRIX_PRODUIT" VARCHAR2(20 BYTE), 
	"ID_TRAITEUR" VARCHAR2(20 BYTE)
   ) SEGMENT CREATION IMMEDIATE 
  PCTFREE 10 PCTUSED 40 INITRANS 1 MAXTRANS 255 NOCOMPRESS LOGGING
  STORAGE(INITIAL 65536 NEXT 1048576 MINEXTENTS 1 MAXEXTENTS 2147483645
  PCTINCREASE 0 FREELISTS 1 FREELIST GROUPS 1 BUFFER_POOL DEFAULT FLASH_CACHE DEFAULT CELL_FLASH_CACHE DEFAULT)
  TABLESPACE "SYSTEM" ;
--------------------------------------------------------
--  DDL for Table SALLE
--------------------------------------------------------

  CREATE TABLE "SALLE" 
   (	"ID" VARCHAR2(20 BYTE), 
	"NB_RESERVATIONS" NUMBER, 
	"NOM" VARCHAR2(30 BYTE), 
	"ADRESSE" VARCHAR2(30 BYTE), 
	"EMAIL" VARCHAR2(30 BYTE), 
	"NUMERO" VARCHAR2(20 BYTE), 
	"PRIX" FLOAT(126), 
	"NB_PLACES" NUMBER
   ) SEGMENT CREATION IMMEDIATE 
  PCTFREE 10 PCTUSED 40 INITRANS 1 MAXTRANS 255 NOCOMPRESS LOGGING
  STORAGE(INITIAL 65536 NEXT 1048576 MINEXTENTS 1 MAXEXTENTS 2147483645
  PCTINCREASE 0 FREELISTS 1 FREELIST GROUPS 1 BUFFER_POOL DEFAULT FLASH_CACHE DEFAULT CELL_FLASH_CACHE DEFAULT)
  TABLESPACE "SYSTEM" ;
--------------------------------------------------------
--  DDL for Table TRAITEUR
--------------------------------------------------------

  CREATE TABLE "TRAITEUR" 
   (	"ID_TRAIT" VARCHAR2(20 BYTE), 
	"NOM_TRAIT" VARCHAR2(20 BYTE), 
	"NUM_TRAIT" VARCHAR2(20 BYTE), 
	"EMAIL_TRAIT" VARCHAR2(20 BYTE), 
	"ADRESSE_TRAIT" VARCHAR2(20 BYTE), 
	"DESCRIPTION" VARCHAR2(20 BYTE)
   ) SEGMENT CREATION IMMEDIATE 
  PCTFREE 10 PCTUSED 40 INITRANS 1 MAXTRANS 255 NOCOMPRESS LOGGING
  STORAGE(INITIAL 65536 NEXT 1048576 MINEXTENTS 1 MAXEXTENTS 2147483645
  PCTINCREASE 0 FREELISTS 1 FREELIST GROUPS 1 BUFFER_POOL DEFAULT FLASH_CACHE DEFAULT CELL_FLASH_CACHE DEFAULT)
  TABLESPACE "SYSTEM" ;
REM INSERTING into CLIENT_MARRIAGE
SET DEFINE OFF;
Insert into CLIENT_MARRIAGE (NOM_M,PRENOM_M,PHONE_M,CIN_M,NOM_F,PRENOM_F,PHONE_F,CIN_F,BUDGET,EMAIL,DATE_MARRIAGE,ID_CLIENT,CONFIRMATION,ID_DECORATEUR,ID_PRODUIT) values ('dfgdsg','ghdh','4563211','1235456','fgsgsd','fdsbsg','354656','6123546','6321321','fgdhg','gsddb','1234789','1','gbsgsfg','fdgdgg');
Insert into CLIENT_MARRIAGE (NOM_M,PRENOM_M,PHONE_M,CIN_M,NOM_F,PRENOM_F,PHONE_F,CIN_F,BUDGET,EMAIL,DATE_MARRIAGE,ID_CLIENT,CONFIRMATION,ID_DECORATEUR,ID_PRODUIT) values ('ouertani','aziz','23455433','23756893','12233448','hyba','12345678','45637892','20000','mohamedaziz.ouertani@gmail.com','25-12-2020','2','0','0','0');
REM INSERTING into CLIENT_PRODUIT
SET DEFINE OFF;
Insert into CLIENT_PRODUIT (ID_CLIENT,ID_PRODUIT) values ('1234789','002244');
Insert into CLIENT_PRODUIT (ID_CLIENT,ID_PRODUIT) values ('2','002244');
Insert into CLIENT_PRODUIT (ID_CLIENT,ID_PRODUIT) values ('1234789','00333142');
Insert into CLIENT_PRODUIT (ID_CLIENT,ID_PRODUIT) values ('2','00333142');
Insert into CLIENT_PRODUIT (ID_CLIENT,ID_PRODUIT) values ('2','548621');
Insert into CLIENT_PRODUIT (ID_CLIENT,ID_PRODUIT) values ('1234789','789512');
Insert into CLIENT_PRODUIT (ID_CLIENT,ID_PRODUIT) values ('2','789512');
Insert into CLIENT_PRODUIT (ID_CLIENT,ID_PRODUIT) values ('1234789','789562');
Insert into CLIENT_PRODUIT (ID_CLIENT,ID_PRODUIT) values ('2','789562');
Insert into CLIENT_PRODUIT (ID_CLIENT,ID_PRODUIT) values ('1234789','796413');
Insert into CLIENT_PRODUIT (ID_CLIENT,ID_PRODUIT) values ('1234789','90000');
Insert into CLIENT_PRODUIT (ID_CLIENT,ID_PRODUIT) values ('1234789','96214');
Insert into CLIENT_PRODUIT (ID_CLIENT,ID_PRODUIT) values ('1234789','98512');
REM INSERTING into DECORATEUR
SET DEFINE OFF;
REM INSERTING into EMPLOYES
SET DEFINE OFF;
REM INSERTING into INVITE_MARRIAGE
SET DEFINE OFF;
Insert into INVITE_MARRIAGE (ID_INVITE,NOM_INVITE,PRENOM_INVITE,PHONE_INVITE,EMAIL_INVITE,ID_MARRIAGE) values ('1','ouertani','aziz','26609008','azizwertnei18@gmail.com','1234789');
Insert into INVITE_MARRIAGE (ID_INVITE,NOM_INVITE,PRENOM_INVITE,PHONE_INVITE,EMAIL_INVITE,ID_MARRIAGE) values ('2','ahmed','frsdf','546231564','azizwerteni18@gmail.com','1234789');
REM INSERTING into MUSICIENS
SET DEFINE OFF;
REM INSERTING into PRODUIT
SET DEFINE OFF;
Insert into PRODUIT (ID_PRODUIT,NOM_PRODUIT,TYPE_PRODUIT,PRIX_PRODUIT,ID_TRAITEUR) values ('796413','viande','chaud','8720','80745');
Insert into PRODUIT (ID_PRODUIT,NOM_PRODUIT,TYPE_PRODUIT,PRIX_PRODUIT,ID_TRAITEUR) values ('789562','legume','sucree','50000','80745');
Insert into PRODUIT (ID_PRODUIT,NOM_PRODUIT,TYPE_PRODUIT,PRIX_PRODUIT,ID_TRAITEUR) values ('895200','poulet','sucree','7400','80745');
Insert into PRODUIT (ID_PRODUIT,NOM_PRODUIT,TYPE_PRODUIT,PRIX_PRODUIT,ID_TRAITEUR) values ('789512','poisson','froid','8000','80745');
Insert into PRODUIT (ID_PRODUIT,NOM_PRODUIT,TYPE_PRODUIT,PRIX_PRODUIT,ID_TRAITEUR) values ('96214','minigateau','sucree','2200','123456');
Insert into PRODUIT (ID_PRODUIT,NOM_PRODUIT,TYPE_PRODUIT,PRIX_PRODUIT,ID_TRAITEUR) values ('98512','brik','salee','1000','123456');
Insert into PRODUIT (ID_PRODUIT,NOM_PRODUIT,TYPE_PRODUIT,PRIX_PRODUIT,ID_TRAITEUR) values ('548621','fricassee','salee','700','205582');
Insert into PRODUIT (ID_PRODUIT,NOM_PRODUIT,TYPE_PRODUIT,PRIX_PRODUIT,ID_TRAITEUR) values ('002244','gateau1','sucree','1500','205582');
Insert into PRODUIT (ID_PRODUIT,NOM_PRODUIT,TYPE_PRODUIT,PRIX_PRODUIT,ID_TRAITEUR) values ('00333142','glace','froid','2100','205582');
Insert into PRODUIT (ID_PRODUIT,NOM_PRODUIT,TYPE_PRODUIT,PRIX_PRODUIT,ID_TRAITEUR) values ('874321','danouni','chaud','2000','123456');
Insert into PRODUIT (ID_PRODUIT,NOM_PRODUIT,TYPE_PRODUIT,PRIX_PRODUIT,ID_TRAITEUR) values ('90000','mlaoui','chaud','2000','205582');
REM INSERTING into SALLE
SET DEFINE OFF;
REM INSERTING into TRAITEUR
SET DEFINE OFF;
Insert into TRAITEUR (ID_TRAIT,NOM_TRAIT,NUM_TRAIT,EMAIL_TRAIT,ADRESSE_TRAIT,DESCRIPTION) values ('458921','traiteure','25417896','traiteure@esprit.tn','15,rue eee,tunis',null);
Insert into TRAITEUR (ID_TRAIT,NOM_TRAIT,NUM_TRAIT,EMAIL_TRAIT,ADRESSE_TRAIT,DESCRIPTION) values ('123456789','traiteurb','96314556','1,rue bbbb,tunis','traiteurb@esprit.tn',null);
Insert into TRAITEUR (ID_TRAIT,NOM_TRAIT,NUM_TRAIT,EMAIL_TRAIT,ADRESSE_TRAIT,DESCRIPTION) values ('123456','traiteura','98741236','16,rue aaaa,tunis','traiteura@esprit.tn',null);
Insert into TRAITEUR (ID_TRAIT,NOM_TRAIT,NUM_TRAIT,EMAIL_TRAIT,ADRESSE_TRAIT,DESCRIPTION) values ('80745','traiteurc','21785496','11,rue ccccc,tunis','traiteurd@esprit.tn',null);
Insert into TRAITEUR (ID_TRAIT,NOM_TRAIT,NUM_TRAIT,EMAIL_TRAIT,ADRESSE_TRAIT,DESCRIPTION) values ('205582','traiteurd','58471369','18,rue dddd,tunis','traiteurc@esprit.tn',null);
--------------------------------------------------------
--  DDL for Index MUSICIENS_PK
--------------------------------------------------------

  CREATE UNIQUE INDEX "MUSICIENS_PK" ON "MUSICIENS" ("ID_MUS") 
  PCTFREE 10 INITRANS 2 MAXTRANS 255 COMPUTE STATISTICS 
  STORAGE(INITIAL 65536 NEXT 1048576 MINEXTENTS 1 MAXEXTENTS 2147483645
  PCTINCREASE 0 FREELISTS 1 FREELIST GROUPS 1 BUFFER_POOL DEFAULT FLASH_CACHE DEFAULT CELL_FLASH_CACHE DEFAULT)
  TABLESPACE "SYSTEM" ;
--------------------------------------------------------
--  DDL for Index PRODUIT_PK
--------------------------------------------------------

  CREATE UNIQUE INDEX "PRODUIT_PK" ON "PRODUIT" ("ID_PRODUIT") 
  PCTFREE 10 INITRANS 2 MAXTRANS 255 COMPUTE STATISTICS 
  STORAGE(INITIAL 65536 NEXT 1048576 MINEXTENTS 1 MAXEXTENTS 2147483645
  PCTINCREASE 0 FREELISTS 1 FREELIST GROUPS 1 BUFFER_POOL DEFAULT FLASH_CACHE DEFAULT CELL_FLASH_CACHE DEFAULT)
  TABLESPACE "SYSTEM" ;
--------------------------------------------------------
--  DDL for Index SALLE_PK
--------------------------------------------------------

  CREATE UNIQUE INDEX "SALLE_PK" ON "SALLE" ("ID") 
  PCTFREE 10 INITRANS 2 MAXTRANS 255 COMPUTE STATISTICS 
  STORAGE(INITIAL 65536 NEXT 1048576 MINEXTENTS 1 MAXEXTENTS 2147483645
  PCTINCREASE 0 FREELISTS 1 FREELIST GROUPS 1 BUFFER_POOL DEFAULT FLASH_CACHE DEFAULT CELL_FLASH_CACHE DEFAULT)
  TABLESPACE "SYSTEM" ;
--------------------------------------------------------
--  DDL for Index EMPLOYES_PK
--------------------------------------------------------

  CREATE UNIQUE INDEX "EMPLOYES_PK" ON "EMPLOYES" ("ID_EMP") 
  PCTFREE 10 INITRANS 2 MAXTRANS 255 COMPUTE STATISTICS 
  STORAGE(INITIAL 65536 NEXT 1048576 MINEXTENTS 1 MAXEXTENTS 2147483645
  PCTINCREASE 0 FREELISTS 1 FREELIST GROUPS 1 BUFFER_POOL DEFAULT FLASH_CACHE DEFAULT CELL_FLASH_CACHE DEFAULT)
  TABLESPACE "SYSTEM" ;
--------------------------------------------------------
--  DDL for Index INVITE_MARRIAGE_PK
--------------------------------------------------------

  CREATE UNIQUE INDEX "INVITE_MARRIAGE_PK" ON "INVITE_MARRIAGE" ("PHONE_INVITE") 
  PCTFREE 10 INITRANS 2 MAXTRANS 255 COMPUTE STATISTICS 
  STORAGE(INITIAL 65536 NEXT 1048576 MINEXTENTS 1 MAXEXTENTS 2147483645
  PCTINCREASE 0 FREELISTS 1 FREELIST GROUPS 1 BUFFER_POOL DEFAULT FLASH_CACHE DEFAULT CELL_FLASH_CACHE DEFAULT)
  TABLESPACE "SYSTEM" ;
--------------------------------------------------------
--  DDL for Index CLIENT_PRODUIT_PK
--------------------------------------------------------

  CREATE UNIQUE INDEX "CLIENT_PRODUIT_PK" ON "CLIENT_PRODUIT" ("ID_PRODUIT", "ID_CLIENT") 
  PCTFREE 10 INITRANS 2 MAXTRANS 255 COMPUTE STATISTICS 
  STORAGE(INITIAL 65536 NEXT 1048576 MINEXTENTS 1 MAXEXTENTS 2147483645
  PCTINCREASE 0 FREELISTS 1 FREELIST GROUPS 1 BUFFER_POOL DEFAULT FLASH_CACHE DEFAULT CELL_FLASH_CACHE DEFAULT)
  TABLESPACE "SYSTEM" ;
--------------------------------------------------------
--  DDL for Index CLIENT_MARRIAGE_PK
--------------------------------------------------------

  CREATE UNIQUE INDEX "CLIENT_MARRIAGE_PK" ON "CLIENT_MARRIAGE" ("ID_CLIENT") 
  PCTFREE 10 INITRANS 2 MAXTRANS 255 COMPUTE STATISTICS 
  STORAGE(INITIAL 65536 NEXT 1048576 MINEXTENTS 1 MAXEXTENTS 2147483645
  PCTINCREASE 0 FREELISTS 1 FREELIST GROUPS 1 BUFFER_POOL DEFAULT FLASH_CACHE DEFAULT CELL_FLASH_CACHE DEFAULT)
  TABLESPACE "SYSTEM" ;
--------------------------------------------------------
--  DDL for Index DECORATEUR_PK
--------------------------------------------------------

  CREATE UNIQUE INDEX "DECORATEUR_PK" ON "DECORATEUR" ("ID") 
  PCTFREE 10 INITRANS 2 MAXTRANS 255 COMPUTE STATISTICS 
  STORAGE(INITIAL 65536 NEXT 1048576 MINEXTENTS 1 MAXEXTENTS 2147483645
  PCTINCREASE 0 FREELISTS 1 FREELIST GROUPS 1 BUFFER_POOL DEFAULT FLASH_CACHE DEFAULT CELL_FLASH_CACHE DEFAULT)
  TABLESPACE "SYSTEM" ;
--------------------------------------------------------
--  DDL for Index TRAITEUR_PK
--------------------------------------------------------

  CREATE UNIQUE INDEX "TRAITEUR_PK" ON "TRAITEUR" ("ID_TRAIT") 
  PCTFREE 10 INITRANS 2 MAXTRANS 255 COMPUTE STATISTICS 
  STORAGE(INITIAL 65536 NEXT 1048576 MINEXTENTS 1 MAXEXTENTS 2147483645
  PCTINCREASE 0 FREELISTS 1 FREELIST GROUPS 1 BUFFER_POOL DEFAULT FLASH_CACHE DEFAULT CELL_FLASH_CACHE DEFAULT)
  TABLESPACE "SYSTEM" ;
--------------------------------------------------------
--  Constraints for Table MUSICIENS
--------------------------------------------------------

  ALTER TABLE "MUSICIENS" ADD CONSTRAINT "MUSICIENS_PK" PRIMARY KEY ("ID_MUS")
  USING INDEX PCTFREE 10 INITRANS 2 MAXTRANS 255 COMPUTE STATISTICS 
  STORAGE(INITIAL 65536 NEXT 1048576 MINEXTENTS 1 MAXEXTENTS 2147483645
  PCTINCREASE 0 FREELISTS 1 FREELIST GROUPS 1 BUFFER_POOL DEFAULT FLASH_CACHE DEFAULT CELL_FLASH_CACHE DEFAULT)
  TABLESPACE "SYSTEM"  ENABLE;
  ALTER TABLE "MUSICIENS" MODIFY ("ID_MUS" NOT NULL ENABLE);
--------------------------------------------------------
--  Constraints for Table CLIENT_MARRIAGE
--------------------------------------------------------

  ALTER TABLE "CLIENT_MARRIAGE" ADD CONSTRAINT "CLIENT_MARRIAGE_PK" PRIMARY KEY ("ID_CLIENT")
  USING INDEX PCTFREE 10 INITRANS 2 MAXTRANS 255 COMPUTE STATISTICS 
  STORAGE(INITIAL 65536 NEXT 1048576 MINEXTENTS 1 MAXEXTENTS 2147483645
  PCTINCREASE 0 FREELISTS 1 FREELIST GROUPS 1 BUFFER_POOL DEFAULT FLASH_CACHE DEFAULT CELL_FLASH_CACHE DEFAULT)
  TABLESPACE "SYSTEM"  ENABLE;
  ALTER TABLE "CLIENT_MARRIAGE" MODIFY ("ID_PRODUIT" NOT NULL ENABLE);
  ALTER TABLE "CLIENT_MARRIAGE" MODIFY ("ID_DECORATEUR" NOT NULL ENABLE);
  ALTER TABLE "CLIENT_MARRIAGE" MODIFY ("ID_CLIENT" NOT NULL ENABLE);
  ALTER TABLE "CLIENT_MARRIAGE" MODIFY ("DATE_MARRIAGE" NOT NULL ENABLE);
  ALTER TABLE "CLIENT_MARRIAGE" MODIFY ("BUDGET" NOT NULL ENABLE);
  ALTER TABLE "CLIENT_MARRIAGE" MODIFY ("CIN_F" NOT NULL ENABLE);
  ALTER TABLE "CLIENT_MARRIAGE" MODIFY ("PHONE_F" NOT NULL ENABLE);
  ALTER TABLE "CLIENT_MARRIAGE" MODIFY ("CIN_M" NOT NULL ENABLE);
  ALTER TABLE "CLIENT_MARRIAGE" MODIFY ("PHONE_M" NOT NULL ENABLE);
--------------------------------------------------------
--  Constraints for Table INVITE_MARRIAGE
--------------------------------------------------------

  ALTER TABLE "INVITE_MARRIAGE" ADD CONSTRAINT "INVITE_MARRIAGE_PK" PRIMARY KEY ("PHONE_INVITE")
  USING INDEX PCTFREE 10 INITRANS 2 MAXTRANS 255 COMPUTE STATISTICS 
  STORAGE(INITIAL 65536 NEXT 1048576 MINEXTENTS 1 MAXEXTENTS 2147483645
  PCTINCREASE 0 FREELISTS 1 FREELIST GROUPS 1 BUFFER_POOL DEFAULT FLASH_CACHE DEFAULT CELL_FLASH_CACHE DEFAULT)
  TABLESPACE "SYSTEM"  ENABLE;
  ALTER TABLE "INVITE_MARRIAGE" MODIFY ("ID_MARRIAGE" NOT NULL ENABLE);
  ALTER TABLE "INVITE_MARRIAGE" MODIFY ("EMAIL_INVITE" NOT NULL ENABLE);
  ALTER TABLE "INVITE_MARRIAGE" MODIFY ("PHONE_INVITE" NOT NULL ENABLE);
  ALTER TABLE "INVITE_MARRIAGE" MODIFY ("PRENOM_INVITE" NOT NULL ENABLE);
  ALTER TABLE "INVITE_MARRIAGE" MODIFY ("NOM_INVITE" NOT NULL ENABLE);
  ALTER TABLE "INVITE_MARRIAGE" MODIFY ("ID_INVITE" NOT NULL ENABLE);
--------------------------------------------------------
--  Constraints for Table DECORATEUR
--------------------------------------------------------

  ALTER TABLE "DECORATEUR" ADD CONSTRAINT "DECORATEUR_PK" PRIMARY KEY ("ID")
  USING INDEX PCTFREE 10 INITRANS 2 MAXTRANS 255 COMPUTE STATISTICS 
  STORAGE(INITIAL 65536 NEXT 1048576 MINEXTENTS 1 MAXEXTENTS 2147483645
  PCTINCREASE 0 FREELISTS 1 FREELIST GROUPS 1 BUFFER_POOL DEFAULT FLASH_CACHE DEFAULT CELL_FLASH_CACHE DEFAULT)
  TABLESPACE "SYSTEM"  ENABLE;
  ALTER TABLE "DECORATEUR" MODIFY ("ID" NOT NULL ENABLE);
  ALTER TABLE "DECORATEUR" MODIFY ("ID_SALLE" NOT NULL ENABLE);
--------------------------------------------------------
--  Constraints for Table SALLE
--------------------------------------------------------

  ALTER TABLE "SALLE" ADD CONSTRAINT "SALLE_PK" PRIMARY KEY ("ID")
  USING INDEX PCTFREE 10 INITRANS 2 MAXTRANS 255 COMPUTE STATISTICS 
  STORAGE(INITIAL 65536 NEXT 1048576 MINEXTENTS 1 MAXEXTENTS 2147483645
  PCTINCREASE 0 FREELISTS 1 FREELIST GROUPS 1 BUFFER_POOL DEFAULT FLASH_CACHE DEFAULT CELL_FLASH_CACHE DEFAULT)
  TABLESPACE "SYSTEM"  ENABLE;
  ALTER TABLE "SALLE" MODIFY ("ID" NOT NULL ENABLE);
--------------------------------------------------------
--  Constraints for Table CLIENT_PRODUIT
--------------------------------------------------------

  ALTER TABLE "CLIENT_PRODUIT" ADD CONSTRAINT "CLIENT_PRODUIT_PK" PRIMARY KEY ("ID_PRODUIT", "ID_CLIENT")
  USING INDEX PCTFREE 10 INITRANS 2 MAXTRANS 255 COMPUTE STATISTICS 
  STORAGE(INITIAL 65536 NEXT 1048576 MINEXTENTS 1 MAXEXTENTS 2147483645
  PCTINCREASE 0 FREELISTS 1 FREELIST GROUPS 1 BUFFER_POOL DEFAULT FLASH_CACHE DEFAULT CELL_FLASH_CACHE DEFAULT)
  TABLESPACE "SYSTEM"  ENABLE;
  ALTER TABLE "CLIENT_PRODUIT" MODIFY ("ID_PRODUIT" NOT NULL ENABLE);
  ALTER TABLE "CLIENT_PRODUIT" MODIFY ("ID_CLIENT" NOT NULL ENABLE);
--------------------------------------------------------
--  Constraints for Table PRODUIT
--------------------------------------------------------

  ALTER TABLE "PRODUIT" ADD CONSTRAINT "PRODUIT_PK" PRIMARY KEY ("ID_PRODUIT")
  USING INDEX PCTFREE 10 INITRANS 2 MAXTRANS 255 COMPUTE STATISTICS 
  STORAGE(INITIAL 65536 NEXT 1048576 MINEXTENTS 1 MAXEXTENTS 2147483645
  PCTINCREASE 0 FREELISTS 1 FREELIST GROUPS 1 BUFFER_POOL DEFAULT FLASH_CACHE DEFAULT CELL_FLASH_CACHE DEFAULT)
  TABLESPACE "SYSTEM"  ENABLE;
  ALTER TABLE "PRODUIT" MODIFY ("ID_PRODUIT" NOT NULL ENABLE);
--------------------------------------------------------
--  Constraints for Table TRAITEUR
--------------------------------------------------------

  ALTER TABLE "TRAITEUR" ADD CONSTRAINT "TRAITEUR_PK" PRIMARY KEY ("ID_TRAIT")
  USING INDEX PCTFREE 10 INITRANS 2 MAXTRANS 255 COMPUTE STATISTICS 
  STORAGE(INITIAL 65536 NEXT 1048576 MINEXTENTS 1 MAXEXTENTS 2147483645
  PCTINCREASE 0 FREELISTS 1 FREELIST GROUPS 1 BUFFER_POOL DEFAULT FLASH_CACHE DEFAULT CELL_FLASH_CACHE DEFAULT)
  TABLESPACE "SYSTEM"  ENABLE;
  ALTER TABLE "TRAITEUR" MODIFY ("EMAIL_TRAIT" NOT NULL ENABLE);
  ALTER TABLE "TRAITEUR" MODIFY ("NOM_TRAIT" NOT NULL ENABLE);
  ALTER TABLE "TRAITEUR" MODIFY ("ID_TRAIT" NOT NULL ENABLE);
--------------------------------------------------------
--  Constraints for Table EMPLOYES
--------------------------------------------------------

  ALTER TABLE "EMPLOYES" ADD CONSTRAINT "EMPLOYES_PK" PRIMARY KEY ("ID_EMP")
  USING INDEX PCTFREE 10 INITRANS 2 MAXTRANS 255 COMPUTE STATISTICS 
  STORAGE(INITIAL 65536 NEXT 1048576 MINEXTENTS 1 MAXEXTENTS 2147483645
  PCTINCREASE 0 FREELISTS 1 FREELIST GROUPS 1 BUFFER_POOL DEFAULT FLASH_CACHE DEFAULT CELL_FLASH_CACHE DEFAULT)
  TABLESPACE "SYSTEM"  ENABLE;
  ALTER TABLE "EMPLOYES" MODIFY ("ID_EMP" NOT NULL ENABLE);
--------------------------------------------------------
--  Ref Constraints for Table CLIENT_PRODUIT
--------------------------------------------------------

  ALTER TABLE "CLIENT_PRODUIT" ADD CONSTRAINT "CLIENT_PRODUIT_FK1" FOREIGN KEY ("ID_CLIENT")
	  REFERENCES "CLIENT_MARRIAGE" ("ID_CLIENT") ENABLE;
  ALTER TABLE "CLIENT_PRODUIT" ADD CONSTRAINT "CLIENT_PRODUIT_FK2" FOREIGN KEY ("ID_PRODUIT")
	  REFERENCES "PRODUIT" ("ID_PRODUIT") ENABLE;
--------------------------------------------------------
--  Ref Constraints for Table DECORATEUR
--------------------------------------------------------

  ALTER TABLE "DECORATEUR" ADD CONSTRAINT "DECORATEUR_FK1" FOREIGN KEY ("ID_SALLE")
	  REFERENCES "SALLE" ("ID") ENABLE;
--------------------------------------------------------
--  Ref Constraints for Table INVITE_MARRIAGE
--------------------------------------------------------

  ALTER TABLE "INVITE_MARRIAGE" ADD CONSTRAINT "FK_ID_MARIAGE" FOREIGN KEY ("ID_MARRIAGE")
	  REFERENCES "CLIENT_MARRIAGE" ("ID_CLIENT") ENABLE;
--------------------------------------------------------
--  Ref Constraints for Table PRODUIT
--------------------------------------------------------

  ALTER TABLE "PRODUIT" ADD CONSTRAINT "FK" FOREIGN KEY ("ID_TRAITEUR")
	  REFERENCES "TRAITEUR" ("ID_TRAIT") ENABLE;
